competition_id,rows,players,m1_residual_mae,m5_residual_mae,relative_mae_difference_pct,m1_direction_accuracy,m5_direction_accuracy,m1_spearman,m5_spearman,spearman_difference,classification
43327,5716,1672,0.4104299652312555,0.4146461815202078,1.0272681446581726,0.24422673198040587,0.24807557732680197,0.2677138158780299,0.14829301545319193,-0.11942080042483796,MIXED
852,4395,944,0.28180034991472896,0.2934153655881113,4.121717974053967,0.4236632536973834,0.45802047781569966,0.5286904374107597,0.05000251635719243,-0.4786879210535673,MIXED
843,4337,929,0.44415141070937164,0.4545888854766687,2.3499812261379427,0.26400737837214666,0.28821766197832605,0.3305288923461978,0.03961967717130186,-0.29090921517489593,MIXED
425,3501,982,0.31903819953196494,0.3246742071590012,1.7665620089708332,0.3196229648671808,0.35589831476720934,0.26925059953943437,0.2492666919779356,-0.01998390756149876,MIXED
146,3330,1163,0.38165712903804827,0.38099636961812144,-0.17312906524037538,0.3705705705705706,0.4159159159159159,0.3790317184639167,0.08414406047637027,-0.29488765798754646,M5 CLEARLY BETTER
795,3106,845,0.30271015358039677,0.3323017754961123,9.775563047922764,0.4793947198969736,0.48486799742434,0.4291135525945609,0.13486976980336784,-0.29424378279119306,MIXED
527,3028,981,0.2823354569499697,0.28416236593125843,0.6470703329381914,0.35171730515191546,0.39531043593130777,0.35663722627284394,0.11214049040423574,-0.2444967358686082,MIXED
692,3023,802,0.426707459229926,0.41897243420963226,-1.8127231790728542,0.27853126033741316,0.3645385378762818,0.31952525329928455,0.17412874794324895,-0.1453965053560356,M5 CLEARLY BETTER
413,2921,900,0.3944064118052265,0.39136917854543407,-0.7700770496835492,0.35604245121533723,0.4032865457035262,0.27446938843530433,0.17373196613146374,-0.10073742230384058,M5 CLEARLY BETTER
364,2920,812,0.3432729561353253,0.42029161951061644,22.43656600344851,0.461986301369863,0.4691780821917808,0.5322053659367274,0.17760965563452813,-0.3545957103021993,MIXED
423,2904,895,0.26117194845498665,0.261344925516569,0.0662311027679842,0.2548209366391185,0.31577134986225897,0.4133028463691611,0.1919186834904346,-0.2213841628787265,MIXED
412,2887,871,0.3717203337993946,0.4037526282358991,8.617310252871786,0.4090751645306547,0.4187738136473848,0.33161190024719456,0.1804908797761207,-0.15112102047107387,MIXED
524,2873,881,0.30034649907287386,0.3472631840601738,15.620852958874154,0.4291681169509224,0.43021232161503653,0.44797552691480125,0.1332543116242393,-0.31472121529056196,MIXED
295,2722,766,0.4100845607483517,0.4096833262054406,-0.09784190416212597,0.25495958853783984,0.31263776634827334,0.2802473621843433,0.10007257000809706,-0.18017479217624627,M5 CLEARLY BETTER
617,2687,638,0.23890769594493766,0.25211571852689646,5.528504441733398,0.4082620022329736,0.43766282098995163,0.38742455190147723,0.1864332012687874,-0.20099135063268983,MIXED
635,2638,766,0.30291153410326827,0.3028360329967453,-0.024925134246373964,0.3354814253222138,0.3938589840788476,0.4535785955268285,0.20254620645727242,-0.25103238906955605,M5 CLEARLY BETTER
426,2575,747,0.2934672308548844,0.33061725630573896,12.659002963511362,0.3821359223300971,0.39611650485436894,0.4671381155947495,0.19526085262772835,-0.27187726296702114,MIXED
633,2563,860,0.37700233521755244,0.3819214651955838,1.304800930528114,0.3815840811548966,0.40655481857198594,0.1320355096770179,0.254181794677043,0.12214628500002508,MIXED
323,2495,636,0.36921212204974296,0.36452378863596485,-1.2698210957294802,0.33026052104208414,0.3787575150300601,0.456111386077275,0.16848529588073305,-0.28762609019654195,M5 CLEARLY BETTER
198,2473,746,0.2970177410472734,0.2992231731413471,0.7425253745104349,0.3623129801860089,0.3914274160938132,0.3133176438124644,0.19911792759939442,-0.11419971621306998,MIXED
729,2322,630,0.26669824876256926,0.2832861764862468,6.219736275225838,0.39319552110249784,0.43195521102497847,0.40735924297859366,0.1341759139308638,-0.27318332904772985,MIXED
830,2212,578,0.33775009393592514,0.34261446332243045,1.4402273970730948,0.3286618444846293,0.35714285714285715,0.31086897007104985,0.1088536375016481,-0.20201533256940174,MIXED
535,1928,757,0.7163862954182366,0.7134069385000247,-0.4158869226375343,0.34906639004149376,0.38641078838174275,0.1814673306140516,0.2223815943876552,0.040914263773603604,M5 CLEARLY BETTER
534,1710,715,0.2737534390234967,0.2694655664800516,-1.5663264573918496,0.3362573099415205,0.4502923976608187,0.3370158619683857,0.19603601932507678,-0.1409798426433089,M5 CLEARLY BETTER
109,1666,996,0.29036049713523693,0.30813489505499025,6.121493142186902,0.3673469387755102,0.40516206482593037,0.5224811315369875,0.10514899052020267,-0.41733214101678484,MIXED
1414,1464,553,0.680242497079986,0.7034945082058894,3.418194427092578,0.2103825136612022,0.22472677595628415,0.013591835909747258,0.15415664540651505,0.1405648094967678,MIXED
119,954,702,0.2752731887386008,0.2993239602482413,8.737055584617474,0.34591194968553457,0.3522012578616352,0.580963986227384,-0.005023923824987329,-0.5859879100523713,MIXED
