model,shortlist_type,top_pct,n,mean_actual_pct_change,pct_materially_rose,pct_materially_fell
M1_current_value,predicted_risers,10,75,4.3355940355940366,20.0,48.0
M1_current_value,predicted_fallers,10,75,9.312958152958153,53.333333333333336,28.000000000000004
M1_current_value,predicted_risers,20,150,12.352845302845305,26.666666666666668,44.666666666666664
M1_current_value,predicted_fallers,20,150,6.963255633255634,46.0,32.666666666666664
M1_current_value,predicted_risers,30,226,10.776224758525643,28.31858407079646,45.13274336283185
M1_current_value,predicted_fallers,30,226,7.722039759650379,44.24778761061947,35.39823008849557
M5_value_plus_performance,predicted_risers,10,75,24.867073667073665,44.0,32.0
M5_value_plus_performance,predicted_fallers,10,75,-10.076382876382876,9.333333333333334,68.0
M5_value_plus_performance,predicted_risers,20,150,19.933428978428978,44.666666666666664,31.333333333333336
M5_value_plus_performance,predicted_fallers,20,150,-6.019079263816106,18.666666666666668,57.99999999999999
M5_value_plus_performance,predicted_risers,30,226,22.621002645338926,45.13274336283185,32.30088495575221
M5_value_plus_performance,predicted_fallers,30,226,-2.965940653819089,21.68141592920354,53.09734513274337
